,name,train_acc,test_acc
0,ADAM,0.9609375,0.9140625
1,AMSGRAD,0.96875,0.9609375
2,ACADG,0.9921875,0.9921875
