,name,train_acc,test_acc
0,ADAM,0.6171875,0.6105999946594238
1,AMSGRAD,0.4921875,0.4745999872684479
2,ACADG,0.65625,0.6305000185966492
