,name,train_acc,test_acc
0,ADAM,0.920199990272522,0.9251999855041504
1,AMSGRAD,0.9203636646270752,0.9233999848365784
2,ACADG,0.9732000231742859,0.9679999947547913
