,name,train_acc,test_acc
0,ADAM,0.9261817932128906,0.9265000224113464
1,AMSGRAD,0.9234363436698914,0.9248999953269958
2,ACADG,0.9777454733848572,0.9690999720573425
