,name,train_acc,test_acc
0,ADAM,0.8808363676071167,0.8883000016212463
1,AMSGRAD,0.8704727292060852,0.8812000155448914
2,ACADG,0.9215999841690063,0.9228000044822693
