,name,train_acc,test_acc
0,ADAM,0.8799818158149719,0.8877999782562256
1,AMSGRAD,0.8663454651832581,0.8733000159263611
2,ACADG,0.9219090938568115,0.9233999848365784
