,name,train_acc,test_acc
0,ADAM,0.4375,0.42160001397132874
1,AMSGRAD,0.3984375,0.387800008058548
2,ACADG,0.453125,0.42570000886917114
